{
  "main": {
    "id": "062bb2dd732d5070",
    "type": "split",
    "children": [
      {
        "id": "001cdbbd37e272ba",
        "type": "tabs",
        "children": [
          {
            "id": "385f84793bf4278f",
            "type": "leaf",
            "state": {
              "type": "markdown",
              "state": {
                "file": "__Templates/Source-note.md",
                "mode": "source",
                "source": false
              },
              "icon": "lucide-file",
              "title": "Source-note"
            }
          }
        ]
      }
    ],
    "direction": "vertical"
  },
  "left": {
    "id": "705a183a696bd344",
    "type": "split",
    "children": [
      {
        "id": "893caea0b62ba53c",
        "type": "tabs",
        "children": [
          {
            "id": "65e9c833c39092e4",
            "type": "leaf",
            "state": {
              "type": "file-explorer",
              "state": {
                "sortOrder": "alphabetical",
                "autoReveal": false
              },
              "icon": "lucide-folder-closed",
              "title": "Files"
            }
          },
          {
            "id": "79030114292247cd",
            "type": "leaf",
            "state": {
              "type": "search",
              "state": {
                "query": "",
                "matchingCase": false,
                "explainSearch": false,
                "collapseAll": false,
                "extraContext": false,
                "sortOrder": "alphabetical"
              },
              "icon": "lucide-search",
              "title": "Search"
            }
          },
          {
            "id": "6122b32f9984510f",
            "type": "leaf",
            "state": {
              "type": "starred",
              "state": {},
              "icon": "lucide-file",
              "title": "Plugin no longer active"
            }
          },
          {
            "id": "845d8415361f5eb8",
            "type": "leaf",
            "state": {
              "type": "bookmarks",
              "state": {},
              "icon": "lucide-bookmark",
              "title": "Bookmarks"
            }
          }
        ]
      }
    ],
    "direction": "horizontal",
    "width": 232.5
  },
  "right": {
    "id": "f1027b9aeedb0cb5",
    "type": "split",
    "children": [
      {
        "id": "f6e93ef09024c4cb",
        "type": "tabs",
        "children": [
          {
            "id": "7832789618f5a81a",
            "type": "leaf",
            "state": {
              "type": "backlink",
              "state": {
                "file": "1 Primary Sources/Pianka 1966.md",
                "collapseAll": false,
                "extraContext": false,
                "sortOrder": "alphabetical",
                "showSearch": false,
                "searchQuery": "",
                "backlinkCollapsed": false,
                "unlinkedCollapsed": true
              },
              "icon": "links-coming-in",
              "title": "Backlinks for Pianka 1966"
            }
          },
          {
            "id": "5ebfab15fcc5d8d9",
            "type": "leaf",
            "state": {
              "type": "outgoing-link",
              "state": {
                "file": "1 Primary Sources/Pianka 1966.md",
                "linksCollapsed": false,
                "unlinkedCollapsed": true
              },
              "icon": "links-going-out",
              "title": "Outgoing links from Pianka 1966"
            }
          },
          {
            "id": "897d8f0c7eaed2e2",
            "type": "leaf",
            "state": {
              "type": "tag",
              "state": {
                "sortOrder": "frequency",
                "useHierarchy": true
              },
              "icon": "lucide-tags",
              "title": "Tags"
            }
          },
          {
            "id": "6857a43a16461b86",
            "type": "leaf",
            "state": {
              "type": "outline",
              "state": {
                "file": "1 Primary Sources/Pianka 1966.md"
              },
              "icon": "lucide-list",
              "title": "Outline of Pianka 1966"
            }
          },
          {
            "id": "ccc3dcce557eede7",
            "type": "leaf",
            "state": {
              "type": "calendar",
              "state": {},
              "icon": "lucide-file",
              "title": "Plugin no longer active"
            }
          },
          {
            "id": "8df63ba8ba23f936",
            "type": "leaf",
            "state": {
              "type": "advanced-tables-toolbar",
              "state": {},
              "icon": "lucide-file",
              "title": "Plugin no longer active"
            }
          }
        ],
        "currentTab": 4
      }
    ],
    "direction": "horizontal",
    "width": 300,
    "collapsed": true
  },
  "left-ribbon": {
    "hiddenItems": {
      "switcher:Open quick switcher": false,
      "graph:Open graph view": false,
      "canvas:Create new canvas": false,
      "daily-notes:Open today's daily note": false,
      "templates:Insert template": false,
      "command-palette:Open command palette": false,
      "pdf-plus:PDF++: Toggle auto-copy": false,
      "pdf-plus:PDF++: Toggle auto-focus": false,
      "pdf-plus:PDF++: Toggle auto-paste": false,
      "table-editor-obsidian:Advanced Tables Toolbar": false
    }
  },
  "active": "65e9c833c39092e4",
  "lastOpenFiles": [
    "Calendar/24 Dec 2022.md",
    "__Templates/Source-note.md",
    "Calendar/02 Jan 2025.md",
    "__Media/Pasted image 20221202163803.png",
    "__Papers/Pianka 1966.pdf",
    "__Papers/Connell 1964.pdf",
    "__People/Erik Pianka.md",
    "Sources/Pianka 1966.md",
    "Sources/Connell 1964.md",
    "__Templates/Calendar Entry.md",
    "__Templates/zt-note.eta.md",
    "__Templates/zt-field.eta.md",
    "__Templates/zt-annot.eta.md",
    "Topics/Shannon diversity index.md",
    "Topics/Law of Requisite Variety.md",
    "Topics/Biodiversity.md",
    "Dataview Templates.md",
    "Homepage.md",
    "Note-Taking System explained.md",
    "Reading List.md",
    "START HERE.md",
    "Note-Taking System Overview.canvas",
    "Topics/Untitled.md",
    "__People/Joseph H Connell.md",
    "__People",
    "Calendar Home.md",
    "__Media/2 - Soure Note B.jpg",
    "__Media/Pasted image 20221214094010.png",
    "__Media/Pasted image 20221214121635.png",
    "Discourse Graph.canvas",
    "__Media/Pasted image 20230113101849.png",
    "__Media/Pasted image 20230113094741.png",
    "__Media/Pasted image 20221214115955.png",
    "__Media/Pasted image 20221214121016.png",
    "__Media/Pasted image 20221214122025.png",
    "__Media/Pasted image 20221214123958.png",
    "List of Papers.md",
    "__Templates/Source Note.md",
    "__Templates/Outline Note.md",
    "Thoughts/Biodiversity Mechanisms.md",
    "Sources/Shabanov 2022b.md",
    "Reference Manager.canvas",
    "Start here.canvas",
    "__Media/Fei 2017.pdf",
    "ZtImgExcerpt",
    "LiteratureNotes",
    "ZtTemplates",
    "Sources/zt-import",
    "__Media/Tuia 2022.pdf",
    "__Media/Tuia-2022.pdf"
  ]
}